source_id,title,url,source_type,publisher,author,date_accessed,vehicle_relevance,credibility,notes
SRC001,WiCAN firmware repository,https://github.com/meatpiHQ/wican-fw,official/code,MeatPi Electronics,,2026-08-05,WiCAN hardware and firmware,high,Documents WiCAN Pro capabilities and firmware links
SRC002,WiCAN releases,https://github.com/meatpiHQ/wican-fw/releases,official/code,MeatPi Electronics,,2026-08-05,WiCAN firmware version,high,Used to confirm latest checked firmware v4.50p
SRC003,WiCAN documentation,https://meatpihq.github.io/wican-fw/,official docs,MeatPi Electronics,,2026-08-05,WiCAN configuration,high,Linked by upstream repository
SRC004,OpenDBC GM low speed,https://raw.githubusercontent.com/commaai/opendbc/master/opendbc/dbc/gm_global_a_lowspeed.dbc,code/dbc,commaai/opendbc,,2026-08-05,GM Global A low-speed body leads,medium,Not C1XX-specific but useful passive low-speed clues
SRC005,OpenDBC Cadillac CT6 powertrain,https://raw.githubusercontent.com/commaai/opendbc/master/opendbc/dbc/cadillac_ct6_powertrain.dbc,code/dbc,commaai/opendbc,,2026-08-05,Same-era GM Global A passive signals,medium,Contains BCM door/belt and turn signal frames; CT6 is not C1XX
SRC006,OpenDBC GM Global A expanded low speed,https://raw.githubusercontent.com/commaai/opendbc/master/opendbc/dbc/gm_global_a_lowspeed_1818125.dbc,code/dbc,commaai/opendbc,,2026-08-05,Generic GM body leads,medium,Large body/low-speed DBC with many undecoded or generic signals
SRC007,Public GM HS-CAN DBC,https://raw.githubusercontent.com/pddenhar/gm_dbc/master/GM%20HS-CAN.dbc,code/dbc,pddenhar/gm_dbc,,2026-08-05,GM HS-CAN powertrain leads,medium,Contains oil life/fuel/trans/gearing passive candidates
SRC008,OBD-II PIDs,https://en.wikipedia.org/wiki/OBD-II_PIDs,reference,Wikipedia contributors,,2026-08-05,SAE PID formulas,medium,Use only as standard PID reference; support requires vehicle bitmap or response
SRC009,Project WiCAN observations,local conversation/project state,project notes,OpenCode/User,,2026-08-05,2022 Buick Enclave direct observations,high,Includes confirmed BCM route and existing WiCAN sensor behavior
SRC010,OpenDBC GM platform values,https://github.com/commaai/opendbc/blob/master/opendbc/car/gm/values.py,code,commaai/opendbc,,2026-08-05,C1XX related Acadia and Traverse support,high,Shows GMC Acadia 2018 and Chevrolet Traverse 2022-23 support entries
SRC011,OpenDBC GM fingerprints,https://github.com/commaai/opendbc/blob/master/opendbc/car/gm/fingerprints.py,code,commaai/opendbc,,2026-08-05,C1XX related passive CAN IDs,high,Fingerprints include GMC_ACADIA and CHEVROLET_TRAVERSE with IDs 298 320 497 501
SRC012,OpenDBC GM test routes,https://github.com/commaai/opendbc/blob/master/opendbc/car/tests/routes.py,code,commaai/opendbc,,2026-08-05,C1XX related route evidence,high,Includes public test routes for GMC Acadia and Chevrolet Traverse
SRC013,OpenDBC generated GM powertrain DBC,https://github.com/commaai/opendbc/blob/master/opendbc/dbc/generator/gm/gm_global_a_powertrain.dbc,code/dbc,commaai/opendbc,,2026-08-05,GM Global A powertrain and BCM broadcasts,high,Defines BCMDoorBeltStatus BCMTurnSignals BCMGeneralPlatformStatus ECMPRDNL2 and values
SRC014,RealDash GM LS OBD2 XML,https://raw.githubusercontent.com/janimm/RealDash-extras/master/OBD2/realdash_obd2_gm_ls.xml,community code/profile,RealDash extras contributors,,2026-08-05,GM enhanced DID leads,medium,Provides public GM LS PID profile with 221470 221951 22199A 221940 221154 2211A6
SRC015,SimpleOBDII default user PIDs,https://raw.githubusercontent.com/MOtterbine/SimpleOBDII/master/SimpleOBDII/ViewModels/UserPIDSViewModel.cs,community code,SimpleOBDII contributors,,2026-08-05,GM user PID leads,medium,Includes default GM trans temp 221940 on 7E2 and oil life 1A6D on 7E0
SRC016,Harry GPS Suite GM PID forum,https://forum.gps-laptimer.de/viewtopic.php?t=2292,forum/community,Harry GPS Suite forum,froggy47,2026-08-06,GM enhanced PID leads,medium,Public post lists 221154 A-40 221940 A-40 and 22115C oil pressure formula
SRC017,GMTNation Torque App thread,https://gmtnation.com/forums/threads/torque-app.4761/,forum/community,GMTNation,AtlWrk,2026-08-06,GM trans temp header evidence,medium,Public post lists 221940 with Auto or 7E2 header and F conversion
SRC018,Traverse Forum transmission temperature thread,https://www.traverseforum.com/threads/obdii-transmission-temp.4033/,forum/community,Traverse Forum,,2026-08-06,C1XX-adjacent Traverse trans temp evidence,medium,Gen2 Traverse has DIC trans temp and capable scan tools can read it; Torque GM PID set reportedly works on 2013 Traverse
SRC019,GMTNation oil life PID thread,https://gmtnation.com/forums/threads/2008-envoy-sle-oil-life-monitor-pid.14559/,forum/community,GMTNation,,2026-08-06,GM oil life PID evidence,medium,Public thread discusses 22119F A/2.55 Auto and vehicle-dependent failures
SRC020,Torque ScanGauge oil life thread,https://torque-bhp.com/community/main-forum/scangauge-2-pid-input-for-olm/,forum/community,Torque Forum,,2026-08-06,GM oil life ScanGauge translation,medium,Lists ScanGauge 07E022119F01 and Torque 22119F with 7E0/Auto and A*100/255 style formula
SRC021,Torque GM oil pressure thread,https://torque-bhp.com/community/main-forum/gm-oil-pressure-in-versoin-1-10-258/,forum/community,Torque Forum,,2026-08-06,GM oil pressure PID evidence,medium,Reports 221470 A*0.578 issue and working 22115C equation (A*0.65)-17.5 psi
SRC022,HP Tuners GMLAN gear thread,https://forum.hptuners.com/showthread.php?77170-GM-PID-s-for-Gear-Indicate-P-N-R=,forum/community,HP Tuners forum,,2026-08-06,GM passive PRNDL/gear evidence,medium,Public post reports 0x1F5 byte 4 PRNDL values Park Reverse Neutral Drive and DBC TransEstGear bitfield
SRC023,GM service-style door ajar diagnostics,https://gm.saturn.team/GMC_Truck/Acadia___AWD/2009/99/10/7709/161094,service info mirror,gm.saturn.team,,2026-08-06,Acadia/GM door ajar data path,medium,Describes BCM/DDM/PDM door ajar scan tool parameters and serial data messages; no public DID provided
SRC024,GM data communications overview,https://tis-volt.by/volt2/sm/part4.htm,service info mirror,tis-volt.by,,2026-08-06,GM GMLAN topology,medium,Describes BCM as gateway between high-speed and low-speed GMLAN and DLC pin assignments
SRC025,Tire Review GM TPMS service article,https://www.tirereview.com/servicing-gm-tpms/,service article,Tire Review,Andrew Markel,2026-08-06,GM TPMS system behavior,medium,Explains TPMS sensors report through receiver/keyless module to BCM and DIC; supports RFA/BCM TPMS path
SRC026,Torque extended GM PID discussion,https://torque-bhp.com/community/main-forum/some-extended-gm-pids-found-online/,forum/community,Torque Forum,,2026-08-06,GM extended PID structure,medium,Explains prefixing 22 to GM PID list IDs and common equations; discusses 22199A current gear
SRC027,2022 Cadillac XT5 K20 ECM scan tool information,https://lemon-manuals.la/Cadillac/2022/XT5%20Livery%2C%203.6L%20Eng%20VIN%20S%2C%20FWD/Repair%20and%20Diagnosis/General%20Information/OEM%20General%20Information/Vehicle%20Diagnostic%20Scan%20Tool%20Information%20%282%20Of%203%29/Specifications/K20%20Engine%20Control%20Module%3A%20Scan%20Tool%20Information/,service info mirror,LEMON Manuals,,2026-08-06,C1XX/LGX ECM scan-tool parameters,medium,Confirms oil life remaining calculated and measured oil pressure calculated and measured oil temperature current gear and trans-fluid-related ECM parameters; no raw DID IDs
SRC028,2022 Cadillac XT5 K71 TCM scan tool information 9T60 9T65,https://lemon-manuals.la/Cadillac/2022/XT5%20Premium%20Luxury%2C%203.6L%20Eng%20VIN%20S%2C%20FWD/Repair%20and%20Diagnosis/General%20Information/OEM%20General%20Information/Vehicle%20Diagnostic%20Scan%20Tool%20Information%20%282%20Of%203%29/Specifications/K71%20Transmission%20Control%20Module%3A%20Scan%20Tool%20Information%20%289T60%20%28M3G%29%20or%209T65%20%28M3W%29%29/,service info mirror,LEMON Manuals,,2026-08-06,C1XX/9T65 TCM scan-tool parameters,medium,Confirms TCM Current Gear Gear Command Transmission Fluid Temperature TCC Slip ISS OSS range sensors and typical TFT values; no raw DID IDs
SRC029,GM PIT5698C LIN Bus Diagnostic Information,https://ww7.oemdtc.com/10926/lin-bus-diagnostic-information-2014-2020-buick-cadillac-chevrolet-gmc/,service bulletin mirror,OEMDTC / GM,,2026-08-06,2013-2022 Enclave and GM LIN body topology,high,Explains LIN buses are not wired directly to DLC and driver door ajar can flow through window motor LIN to BCM; supports module/passive approach not raw DID confirmation
SRC030,2018 GMC Acadia K84 Keyless Entry scan tool information,https://lemon-manuals.org.ua/GMC/2018/Acadia%20SLE%2C%203.6L%20Eng%20VIN%20S%2C%204WD/Repair%20and%20Diagnosis/General%20Information/OEM%20General%20Information/Vehicle%20Diagnostic%20Information%20-%20Scan%20Tool%20Data%20Parameters%20%282%20Of%202%29/Specifications/K84%20Keyless%20Entry%20Control%20Module%3A%20Scan%20Tool%20Information/,service info mirror,LEMON Manuals,,2026-08-06,C1XX-adjacent body-alert scan-tool parameters,medium,Lists driver/passenger/rear door ajar/open and liftgate ajar/handle parameters for K84; no raw DID IDs
SRC031,2018 GMC Acadia K84 connector evidence,https://lemon-manuals.org.ua/GMC/2018/Acadia%20SLE%2C%203.6L%20Eng%20VIN%20S%2C%204WD/Repair%20and%20Diagnosis/Electrical/Wiring%20Diagrams/Component%20Connector%20End%20Views%20%28K39%20-%20M37%29/Component%20Connector%20End%20Views/K84%20Keyless%20Entry%20Control%20Module%20X1/,service info mirror,LEMON Manuals,,2026-08-06,C1XX-adjacent K84 wiring/topology,medium,Shows K84 low-speed GMLAN serial data plus driver/passenger/rear door handle and passive-entry antenna circuits
SRC032,C1XX K39 Liftgate scan tool information,https://lemon-manuals.org.ua/GMC/2018/Acadia%20SLE%2C%202.5L%20Eng%20VIN%20A%2C%20FWD/Repair%20and%20Diagnosis/General%20Information/OEM%20General%20Information/Vehicle%20Diagnostic%20Information%20-%20Scan%20Tool%20Data%20Parameters%20%282%20Of%202%29/Specifications/K39%20Liftgate%20Control%20Module%3A%20Scan%20Tool%20Information/,service info mirror,LEMON Manuals,,2026-08-06,C1XX-adjacent liftgate scan-tool parameters,medium,Lists liftgate latch pawl/ratchet/sector handle switch close switch mode switch object sensor and open/closed learned parameters; no raw DID IDs
SRC033,C1XX K39 Liftgate connector evidence,https://estimate.mymitchell.com/GMC/document/5/2/4/1/4/5241407.html,service info mirror,Mitchell / GM,,2026-08-06,C1XX-adjacent liftgate wiring/topology,medium,Shows K39 low-speed GMLAN serial data and rear-closure latch/status/handle/switch circuits
SRC034,2024 Enclave keyless entry parts fitment,https://www.gmpartsoutlet.net/v-2024-buick-enclave--avenir--3-6l-v6-gas/electrical--keyless-entry-components,parts catalog,OEM GM Parts,,2026-08-06,2024 Enclave same-generation module fitment,medium,Lists keyless-entry module fitment for Enclave with power/hands-free liftgate and related C1XX vehicles; supports 2024 Enclave as high-relevance scope evidence
SRC035,GM 9T65 diagnostic bulletin 20-NA-136,https://static.nhtsa.gov/odi/tsbs/2022/MC-10217052-0001.pdf,service bulletin,General Motors,,2026-08-06,2018-2022 Enclave and C1XX 9T65 validation,high,Lists Enclave/Traverse/Acadia/XT5/XT6 9T65 scope and scan-tool parameters including TFT ISS OSS command gear TCC pressure command and TCC slip speed
SRC036,GM Torque transmission temp method 3 discussion,https://www.irv2.com/threads/reading-transmission-temps-with-torque-app.1927553/,forum/community,iRV2 forum,,2026-08-06,GM broad trans temperature PID fallback,low,Lists GM transmission temperature method 3 as 221949 with equation (A-40)/0.75; older broad evidence not Enclave-specific
SRC037,OBDb Chevrolet Impala command update,https://github.com/OBDb/Chevrolet-Impala/commit/4834884f015593a9184e4fed461c29e23c6a28fe,structured command database,OBDb,jverkoey,2026-08-06,Modern GM/Chevrolet enhanced command leads,medium,Maps 221470 to Chevrolet oil pressure DA18.221940 to TFT DA18.221B30 to current gear/gear DA18.221991 to TCC slip/VSS and DA18.22295A to filtered TFT; route syntax is not directly WiCAN-ready
SRC038,2022 Buick Enclave owner manual oil life page,https://freshmanuals.com/buick/enclave/2022/8d5ac73fcb28fc590dd094e678d94de7_page275,owner manual mirror,Fresh Manuals / Buick,,2026-08-06,Direct 2022 Enclave oil-life DIC validation,medium,Confirms Remaining Oil Life is displayed in DIC and reset to 100 percent after oil change; no raw PID IDs
SRC039,GM oil life monitor operation bulletin 18-NA-125,https://static.nhtsa.gov/odi/tsbs/2024/MC-11001327-0001.pdf,service bulletin,General Motors,,2026-08-06,GM 2010-2025 OLM operation,high,Explains OLM calculation pathways using engine revolutions mileage cap and time; supports exact DIC comparison for any oil-life PID candidate
SRC040,OBDb Chevrolet Traverse raw command test cases,https://github.com/OBDb/Chevrolet-Traverse/tree/main/tests/test_cases/2023/commands,structured command database,OBDb,jverkoey,2026-08-06,C1XX sibling enhanced command evidence,high,Raw 2023 Traverse test cases confirm 7E2/7EA 221940 and 7E0/7E8 221154 221C1B 222344 222345 2211A6 responses with decoded expected values
